post,fact_check
"[ì†ë³´] ì¼ë³¸ í›„ì¿ ì‹œë§ˆ ì›ì „
ë¶‰ì€ í™”ì—¼ì— íœ©ì‹¸ì¸ ìƒí™©
í˜„ì¬ìƒí™©
""ì£½ê³ ì‹¶ì§€ ì•Šë‹¤ë©´ ì§€ê¸ˆ ë‹¹ì¥ ë„ë§ì³ì•¼í•œë‹¤â€
ê¸´ê¸‰ëŒ€í”¼ë ¹ ë‚´ë ¤ì§„ íì¿ ì‹œë§ˆ 7:34 â˜…ê¸´ê¸‰] ì¼ë³¸ í›„ì¿ ì‹œë§ˆ ì›ì „ì—ì„œ í™”ì¬ ë°œìƒ...ì¼ë³¸ ì •ë¶€, ì£¼ë³€ ì§€ì—­ì— ê¸´ê¸‰ëŒ€í”¼ë ¹ ì„ í¬â˜…
",A massive fire broke out at the Fukushima nuclear power plant after the March 16 earthquake in eastern Japan Social media users share misleading Fukushima plant claim after Japan earthquake
 ê°™ì€ ê¹€ì •ì€ìœ¼ë¡œ ë³´ì´ì§€ ì•ŠëŠ”ë°.. ì§€ê¸ˆì€ ì„¸ìƒì—ì„œ ì¼ì–´ë‚˜ëŠ” ì¼ë“¤ì´ ë§ˆì¹˜ ì—°ê·¹ì´ë‚˜ ì˜í™”ë¥¼ ë³´ëŠ”ê²ƒ ê°™ë‹¤,This photo shows Kim Jong-un in 2021 This photo has been digitally doctored to make Kim Jong-un look thinner
" <íŠ¸ëœìŠ¤íœ´ë¨¼ : ìœ ì „ìë³€í˜•, í•˜ì´ë¸Œë¦¬ë“œ ì¡ì¢…, ì¸ê°„ê°œì¡°>

ì½”ë¡œë‚˜ë°±ì‹  ì ‘ì¢…ì€ ì¸ë¥˜ì— ëŒ€í•œ ì²œì¸ê³µë¡œí•  ìœ ì „ìë³€í˜• ìƒì²´ì‹¤í—˜ì…ë‹ˆë‹¤",Covid-19 vaccines alter human DNA False posts that Covid vaccines alter DNA share pre-pandemic photo
" ë°±ì‹  ì ‘ì¢…ì„ í•˜ì§€ ì•Šì€ ì‚¬ëŒë“¤ì˜ ë¶ˆë²•ì ì¸ ë´‰ì‡„ì— ìµœëŒ€ì˜ í˜ìœ¼ë¡œ ì €í•­í•˜ë ¤ê³  ê¸¸ë¡œ ë‚˜ì˜¨ ì˜¤ìŠ¤íŠ¸ë¦¬ì•„ì¸.

Austrians out in full force resisting and defying the illegal lockdown of non-vaxxinated people.","This video shows an anti-lockdown rally in Austria This video shows football fans marching through an Austrian town in 2019, not an anti-lockdown rally"
 ì½”ë¡œë‚˜ ë°”ì´ëŸ¬ìŠ¤ë¥¼ ì´ìš©í•œ ì •ë¶€ì˜ í†µì œì— ë°˜ë°œí•´ì„œ ì¼ì–´ë‚œ ë£¨ë§ˆë‹ˆì•„ êµ­ë¯¼ë“¤. êµ­ë¯¼ë“¤ì´ ì´ ì •ë„ë§Œ ê¹¨ì–´ìˆì–´ë„ ì¢‹ê² ë‹¤.,"Photo shows anti-coronavirus restrictions protest in Bucharest in 2021 This photo shows an anti-government protest in Bucharest in 2017, not 2021"
" {ì†ë³´}ì´íƒˆë¦¬ì•„ ê²½ì°° & êµ°ë¶€ëŒ€ê°€ ë°”í‹°ì¹¸ ì‹œë¥¼ ìŠµê²©í•˜ê³  ì†Œì•„ì„±ì• ì ì¶”ê¸°ê²½ ì²´í¬ | UNnews ìœ ì—”ë‰´ìŠ¤ ìœ ì—”ì‹ ë¬¸
",Italy raided Vatican City and arrested scores of paedophile priests Fabricated report falsely claims Italian police 'arrested scores of paedophile cardinals' in Vatican
 ë‚¨ì˜ê²ƒ ëºì–´ê°€ì„œ ê°€ì§œ ìœ ì ì§€ë¥¼ ë§Œë“¤ê³  ìš°ë¦¬ë‚˜ë¼ ì§„ì§œ ìœ ì ì§€ëŠ” ì¥ë‚œê°ìœ¼ë¡œ ë®ìœ¼ë ¤í•˜ëŠ” ë§í• ë†ˆë“¤!!,Photographs show British prehistoric monument of Stonehenge was artificially created in 1954 Stonehenge restoration photos shared alongside false claim monument was 'built in 1950s'
"ìƒˆë¡œìš´ ì¡°ì§€ì•„ê°€ì´ë“œìŠ¤í†¤ì´ ì„¸ì›Œì¡Œì–´ìš”!!!
ìœ ì—”ë‰´ìŠ¤
ìŠ¹ì¸ 2022.07.08 22:45 | ìµœì¢… ìˆ˜ì • 2022.07.08 23:06
ìë£Œ:SpecialQForces sQuad
That new Georgia Guidestone is PERFECTO!!!
ê·¸ ìƒˆë¡œìš´ ì¡°ì§€ì•„ ê°€ì´ë“œìŠ¤í†¤ì€ ì™„ë²½í•´!!!
ì—¬ëŸ¬ë¶„ì€ ì–´ë–»ê²Œ ìƒê°í•˜ì‹­ë‹ˆê¹Œ??
ì˜ê²¬ 0
UNNEWS ì—¬ëŸ¬ë¶„ì€ ì–´ë–»ê²Œ ìƒê°í•˜ì‹­ë‹ˆê¹Œ?
ì €ëŠ” ì„¬ì¹«í•˜ë„¤ìš”
í™©ê¸ˆ ìµœê³ ì˜ í‰í™”ì‹œëŒ€ê°€ ì ì‹œì˜¤êµ¬
ê·¸ ë’¤ì—ëŠ” ì •ë§ ë¬´ì„œìš´ 
ë‹¨ì¼í™” ã†ìš°ìƒì‹œëŒ€ê°€ ì˜¨ë‹¤ëŠ”ê²Œ
ë§ëŠ”ê²ƒ ê°™ìœ¼ë„¤ìš”",Trump statue erected on the site of a destroyed landmark in Georgia Edited image misleads in posts claiming Trump statue replaced destroyed US monument
"2021
CTIVE
ì‚¬
PONAR
1044
ë‹¤ìŒ ë‹¬ë¶€í„° ë°±ì‹  ì ‘ì¢… ì‹œì‘ì „ êµ­ë¯¼ ë¬´ë£Œ ì ‘ì¢…
ë³´ê±´ ë³µì§€ë¶€.....10ë²ˆ ì „í™”í•´ ì–´ë–¤ ì¢…ë¥˜ì˜ ë°±ì‹  ì´ëƒê³ 
ê³„ì† ì „í™” í–ˆë”ë‹ˆ....ì†”ì§íˆ ë‹µí•˜ë„¤ìš”
í™”ì´ìâ€¤ëª¨ë°ë‚˜.ì•„ìŠ¤íŠ¸ë¼..........ì•„ë‹ˆê³ 
ë¬´ë£ŒëŠ” ì…€íŠ¸ë¦¬ì˜¨ ì´ë¼ê³  ",The free Covid-19 vaccines South Korea plans to offer will be from Celltrion. Social media posts mislead on South Korean coronavirus vaccine
" ìŠ¤í˜ì¸ ë§ˆë“œë¦¬ë“œì—ì„œ ì—´ë¦° NATO ì •ìƒíšŒì˜. ìš°ì—°ì€ ì—†ë‹¤; ì´ ""ê¸°ê´´í•œ ì˜ˆìˆ ""ì˜ ë³¸ì§ˆì€ ë‹¹ì‹ ì—ê²Œ ë¬´ì—‡ì„ ë§í•´ì£¼ëŠ”ê°€?","Photos show NATO leaders in Madrid, Spain Doctored photos of world leaders with 'Satanic art' made by artist to criticise power"
" Avion de lufthansa, se accideneta al querer aterrizar, la astucia del piloto evitÃ¡ que ocurra una gran tragedia",Bumpy landing of real Lufthansa flight This video of a Lufthansa aircraft was created using a flight simulator programme
" Productora de vacunas Merck ha desistido de seguir desarrollando dos vacunas para el
coronavirus anunciando que es mÃ¡s efectivo la recuperaciÃ³n natural que la vacuna. #SeVieneMÃ¡s",Merck Scraps COVID Vaccines; Says Itâ€™s More Effective To Get The Virus And Recover Article misleads on Merckâ€™s decision to drop Covid-19 vaccines
 Eco edificio en Singapur ğŸ‡¸ğŸ‡¬ el primero en producir su propia electricidad con los mismos desechos del mismo edificio,Sir David Attenborough praises eco-friendly hotel in Singapore on Facebook This Facebook post about an â€˜eco-friendlyâ€™ hotel in Singapore was not shared by a verified account for Sir David Attenborough
" Se acuerdan cuando decÃ­an que los autos elÃ©ctricos eran relativamente mÃ¡s ecolÃ³gicos?

Ahora es hermoso verlos crecer libres en la naturaleza ğŸ¤—",Image shows electric car 'cemetery' in France Fact check: Viral image of an electric car 'cemetery' shows vehicles from a ride-share company in China
" UN ATAQUE DE AVISPONES...TENGO ENTENDIDO ES EN LOS ESTADOS UNIDOS.   OJO.
CUANDO HAYA UN PANAL HAY QUE MANTENER LA CALMA.  LOS RUIDOS Y MOVIMIENTOS BRUSCOS LAS ALTERAN.",Video shows Asian giant hornet attack in US in May 2020 This clip actually shows a bee attack outside a mall in Nicaragua
 â€ªLas fuertes rÃ¡fagas de viento de la tormenta tropical #Hanna ocasionaron la caÃ­da de una parte del muro fronterizo entre Estados Unidos y MÃ©xico. â€¬,A section of the $11 Billion Dollar Wall blew over during Hurricane Hanna Fact Check: $11 Billion Dollar Border Wall Did NOT Blow Down In Hurricane Hanna
" Productora de vacunas Merck ha desistido de seguir desarrollando dos vacunas para el
coronavirus anunciando que es mÃ¡s efectivo la recuperaciÃ³n natural que la vacuna. #SeVieneMÃ¡s",â€œMerck Scraps COVID Vaccines; Says Itâ€™s More Effective To Get The Virus And Recoverâ€ COVID-19 vaccines currently in use stimulate immunity to the same degree as natural infection without exposing the vaccinated person to the risks associated with the disease
 El hombre fingiÃ³ ser sordo y mudo durante 62 aÃ±os para evitar escuchar a su esposa.,"The man who faked being deaf and dumb for 62 years to avoid listening to his wife is now facing divorce from his wife after she found out the truth. No, man did not fake being deaf and dumb for 62 years"
" ğŸš¨ğŸš¨ğŸš¨ğŸš¨BREAKING NEWSğŸš¨ğŸš¨ğŸš¨ğŸš¨ğŸš¨
EL PRESIDENTE TRUMP ACTIVA LA LEY DE INSURRECCIÃ“N. LOS MILITARES HAN TOMADO EL CONTROL. 

ESTOS DÃAS ANTES DEL 20 DE ENERO SERÃN MUY FUERTES. YA COMENZARON LOS APAGONES EN VARIOS PAÃSES DEL MUNDO Y TAMBIÃ‰N LOS ARRESTOS.

MR. ROMERO TV.",Democrats have incited unrest Quotes from US Democrats falsely characterized as calls for violence
" Productora de vacunas Merck ha desistido de seguir desarrollando dos vacunas para el
coronavirus anunciando que es mÃ¡s efectivo la recuperaciÃ³n natural que la vacuna. #SeVieneMÃ¡s",U.S. pharmaceutical company Merck said it scrapped its COVID-19 vaccine trials because it was more effective to contract the virus and recover Fact check: Merck discontinues COVID-19 vaccine work over weak immune response
 I'm old enough to remember when hydroxychloroquine was a kook theory from a kook president.,"The AMA â€œreversed courseâ€, now â€œgiving the green light to doctors prescribing HCQ to their COVID patients.â€ The American Medical Association does not reject nor support hydroxychloroquine as a treatment for COVID-19, nor did it change its position on the use matter"
"MOM
Imahalo
Patriot news
@Grahmptr
...
....
JUST IN: US Census Bureau
Confirms HUGE CONFLICT in
Total Number of Voters in
2020 Election-More People
Voted Than Reported in 2020
Census Data. there is a
discrepancy of nearly four
million votes ","Census Bureau confirms conflict in total number of voters in 2020 election Census Bureau voter tally is self-reported, not official election data"
 18 people have died in the power tools accident today at Milemi few kilometers from Kasama today at 16hrs.,"Bus crash claims 18 lives in Milima, Zambia No deaths were reported but several people suffered injuries following a bus crash in Zambiaâ€™s Milima region"
" @POTUS This is a live shot of The White House today. The trees are mostly bare and the weather is overcast. 

Your administration is a propaganda machine spreading misinformation. 

Everything you do and say is a lie.",Leaves on trees prove Biden staged photo of departure to Europe White House trees do not prove Joe Biden staged departure photo
"Protest in Berlin today against the CV Lockdown and
tyranny
MSM says 20-25K protesters with most headlines
says ""thousands of people""...000
According to police:
800,000 to 1,300,000,000
KELLER
4444 ","Photo shows 1.3 million protestors against COVID-19 restrictions in Berlin, Germany This photo shows a street parade in Switzerland before the COVID-19 pandemic"
" Made in China masks are made of plastic, sprayed with chemicals and often contain RFID chips. (44 seconds) Single-use masks are typically made from polypropylene, a petrol fuel-derived plastic that can take hundreds of years to break down.","Video shows face masks from China inserted with RFID chips No, the video was originally uploaded as satire by a Greece-based Facebook user"
" Hmmmm

""THIS IS LOS ANGELES, CALIFORNIA. And they made us to believe that we can only find shanties & slums like this in Africa. This is what they hide from us until you go there and see for yourself...""","Photo shows homeless people in Los Angeles, California The image shows a Roma camp in the north of Paris"
" PRASA is hiring for fixing of railway lines from Soweto to Johannesburg. Take your certified ID copy and Original ID book to Johannesburg Park Station, Prasa Offices. Kindly plug others.",South Africa's PRASA hiring workers for railway Facebook posts falsely claim rail operator in South Africa has job openings for Soweto-Joâ€™burg route
" Vehicle suspension testing machine installed successfully by BMC in MUMBAI..
WHAT AN AMAZING TECHNOLOGY ... ğŸ‘‡","This video shows big potholes on a road in Mumbai, India This video shows a road in Chinaâ€™s Guangdong province"
" Fake Cashewnuts, made in Kerala. Prepared by mixing maida and some chemicals, which gives the same taste of original cashew nuts cost per Kg is only Rs.300 to Rs.400.
Create awareness by sharing in your the groups","Fake cashew nuts made from flour and chemicals in Kerala state, India This video actually shows cashew-shaped biscuits being made"
"""La esclavitud
nunca tiene tanto
Ã©xito como
cuando el esclavo
estÃ¡ convencido
de que es por su
propio bien"" -
AristÃ³teles ","Cita de AristÃ³teles: ""La esclavitud nunca tiene tanto Ã©xito como cuando el esclavo estÃ¡ convencido de que es por su propio bien"" La cita sobre el â€œÃ©xitoâ€ de la esclavitud no es de AristÃ³teles y no refleja su pensamiento"
" Ãšltimo momento

Detectan el primer caso de la variante Lambda en MÃ©xico. 
Exactamente fue en el estado de Colima.
Se habla de que la variante Lambda es mas peligrosa que la variante Delta.","En agosto de 2021 se registrÃ³ el primer caso de lambda en MÃ©xico, en Colima La variante lambda del virus que causa el covid-19 circula en MÃ©xico desde abril de 2021"
" AsÃ­ luce la Torre Latinoamericana de cdmx despuÃ©s de la declaratoria de #EmergenciaSanitaria
LlegÃ³ la hora de #quedateencasa
No hagas reuniones
no carnes asadas con tus amigos
es #cuarentena
taggea a quienes no entienden!
#covid19","La Torre Latinoamericana se ilumina al declararse la emergencia sanitaria en MÃ©xico Este edificio encendido no es la Torre Latinoamericana de MÃ©xico, sino el Empire State de Nueva York"
 La Filarmonica de Paris vivenciando un bolero de M Ravel en una plataforma sobre el Sena por el levantamiento de la cuarentena,"La filarmÃ³nica de ParÃ­s toca el Bolero de Ravel en una plataforma sobre el Sena por el levantamiento de la cuarentena El video de una orquesta tocando el Bolero de Ravel sobre el Sena, en ParÃ­s, es de 2017"
 Soy un Oso Polar recien nacido y me estoy extinguiendo... pero como no soy un meme no me harÃ¡s viral...,"Un oso polar reciÃ©n nacido El oso polar es de peluche, pero la especie es considerada vulnerable"
"""Los Soldados y PolicÃ­as no
estaban Secuestrados.
Ellos estaban Pagando CÃ¡rcel
allÃ¡ en la Selva""
Francisco de Roux
HÃ¡ganme el hp favor! Este sacerdote izquierdozo , es uno de los integrantes de la comisiÃ³n de la verdad , segÃºn los acuerdos de la habana .","De Roux dijo que policÃ­as y soldados secuestrados estaban pagando cÃ¡rcel De nuevo, De Roux no dijo que policÃ­as y soldados â€˜no estaban secuestrados sino pagando cÃ¡rcel en la selvaâ€™"
" A PESAR DE SUS LOGROS, ESTO NO ES NOTICIA.
Ha fallecido Gabriela Morreale de Castro: bioquÃ­mica, precursora de la detecciÃ³n precoz de hipotiroidismo congÃ©nito en reciÃ©n nacidos mediante la prueba del talÃ³n. La prensa ni lo menciona.","Ha fallecido Gabriela Morreale y la prensa ni lo menciona La cientÃ­fica Morreale muriÃ³ en 2017 y la prensa sÃ­ informÃ³, contrario a lo dicho en redes"
"La ComisiÃ³n Europea pide que
se feliciten las ""fiestas"" y no
""la Navidad"" en nombre de la
inclusiÃ³n
En un comunicado, la ComisiÃ³n de Igualdad seÃ±ala que hay Feliz Navidad a todos!ğŸ„ğŸ…ğŸ»

Y los polÃ­ticos que no festejan la Navidad que no se tomen vacaciones! ğŸ™ŠğŸ˜‚","La ComisiÃ³n Europea pide que se feliciten las fiestas y no la Navidad El texto de la ComisiÃ³n Europea sobre las fiestas y la Navidad era de uso interno, y fue retirado"
" Una vez mÃ¡s, mas naciones miran hacia otro lado, mientras un niÃ±o duerme al lado de las tumbas de sus padres muertos en Siria.

La indiferencia del mundo es cÃ³mplice de esta tragedia ğŸ˜¢","La imagen de un niÃ±o sirio que duerme junto a las tumbas de sus padres El niÃ±o no duerme entre las tumbas de sus padres en Siria, fue una puesta en escena de un estudiante de fotografÃ­a"
" Un piloto ucraniano denominado el fantasma de Kiev  combatiendo y esquivando el ataque ruso  el hÃ©roe que derivo 6 aviones ruso 
 amÃ©n para ese valiente piloto ğŸ™ğŸ™ğŸ™ğŸ™ğŸ™","Video muestra piloto ucraniano escapando de ataque ruso Video de un aviÃ³n que esquiva disparos pertenece a un videojuego, no a un ataque en Ucrania"
"í˜ˆì•• ì •ìƒìˆ˜ì¹˜
140/100
(mmHg)
WHO ì„±ì¸ í˜ˆì•• ê¶Œê³ ì¹˜ ì…ë‹ˆë‹¤
í•œêµ­ë§Œ 120/80....ì•½ íŒ”ì•„ ë¨¹ê¸°ìœ„í•´
ì˜ì‚¬í˜‘íšŒì˜ ì••ë ¥ì´ ì´ë ‡ê²Œ ë§‰ê°• í•©ë‹ˆë‹¤ ","í˜ˆì•• ì •ìƒìˆ˜ì¹˜, í•œêµ­ë§Œ 120/80mmHgë‹¤. í˜ˆì•• ì •ìƒìˆ˜ì¹˜, í•œêµ­ë§Œ 120/80mmHg? ì‚¬ì‹¤ ì•„ë‹˜â€¦ WHO í¬í•¨, ì„¸ê³„ ê°êµ­ ë³´ê±´ ë‹¹êµ­ ì •ìƒ í˜ˆì•• 120/80mmHg ë¯¸ë§Œ ê¶Œê³ "
"ì´ëŸ°í•œì‹¬í•œìê°€ ëŒ€í†µë ¹ì´ë€ë‹¤.
ë°˜ê³µë²•íì§€
êµ­ì •ì›íì§€
í•œë¯¸ë™ë§¹ë°˜ëŒ€
í†µì¼ì—°ë°©ì œ
ë¶ í•µì€ììœ„ì 
ì‹ ë¯¸ì£¼ë‹¹
ë¯¸ì¹˜ê´‘ì´ ê¹€ì •ì€ì˜ í•˜ìˆ˜ì¸.
ìˆëŠ” ëŒ€ìˆ˜ìˆ  9ì¼ ","ë¬¸ì¬ì¸ ëŒ€í†µë ¹ì´ ë°˜ë¯¸Â·ì¹œë¶ 1ì¸ ì‹œìœ„ë¥¼ ë²Œì˜€ë‹¤. æ–‡ ëŒ€í†µë ¹, ë°˜ë¯¸Â·ì¹œë¶ 1ì¸ ì‹œìœ„í–ˆë‹¤? 2015ë…„ ì—­ì‚¬ êµê³¼ì„œ ë°˜ëŒ€ 1ì¸ ì‹œìœ„ ì‚¬ì§„ ì¡°ì‘í•œ ê²ƒ"
" ìš°ë¦¬ëŠ” ë°±ì‹  ìº í˜ì¸ ì´í›„ ì“°ëŸ¬ì§€ëŠ” ì—¬ëŸ¬ ìŠ¤í¬ì¸ ë§¨, ê¸°ì, ì¸í„°ë·°ë¥¼ ë³´ì•˜ìŠµë‹ˆë‹¤.
 ë¬¼ë¡  ìš°ë¦¬ëŠ” ì‹¤ì œë¡œ ì¹´ë©”ë¼ ì•ì— ìˆëŠ” ì¥ë©´ë§Œ ë³¼ ìˆ˜ ìˆìŠµë‹ˆë‹¤.

 ë” ë‚˜ìœ ê²ƒì€ ë‹¤ë¥¸ ì‚¬ëŒë“¤ì˜ ì‚¶ì„ ì±…ì„ì§€ëŠ” ì‚¬ëŒë“¤ì—ê²Œ ì¼ì–´ë‚  ë•Œì…ë‹ˆë‹¤ ...",ì½”ë¡œë‚˜19 ë°±ì‹  ì ‘ì¢…ì„ ë§ˆì¹œ í˜¸ì£¼ ì˜ì‚¬ê°€ ìˆ˜ìˆ  ë„ì¤‘ ì“°ëŸ¬ì§€ëŠ” ëª¨ìŠµì´ë‹¤ ì´ ì˜ìƒì€ ì½”ë¡œë‚˜19 ë°±ì‹ ì´ ì¶œì‹œë˜ê¸° ì´ì „ì¸ 2020ë…„ 1ì›” ì¤‘êµ­ì—ì„œ ì´¬ì˜ëœ ê²ƒì´ë‹¤
" ë¡œì´í„°í†µì‹ ì— ë”°ë¥´ë©´ ì½”ì™€ëŠ” ì„ìƒ 3ìƒ ì‹œí—˜ ê²°ê³¼ ""ì´ë²„ë©•í‹´ì´ ì˜¤ë¯¸í¬ë¡  ë³€ì´ì— ëŒ€í•œ í•­ë°”ì´ëŸ¬ìŠ¤ íš¨ê³¼ê°€ ìˆë‹¤ëŠ” ê²ƒì„ í™•ì¸í–ˆë‹¤""ê³  31ì¼ ë°œí‘œí–ˆë‹¤.","ì¼ë³¸ ì œì•½ì‚¬ê°€ êµ¬ì¶©ì œ ì´ë²„ë©•í‹´ ì„ìƒ 3ìƒì—ì„œ ì˜¤ë¯¸í¬ë¡  ì¹˜ë£Œ íš¨ê³¼ë¥¼ ë°œê²¬í–ˆë‹¤ ì¼ë³¸ ì œì•½ì‚¬, êµ¬ì¶©ì œ ì´ë²„ë©•í‹´ ì„ìƒ 3ìƒì—ì„œ ì˜¤ë¯¸í¬ë¡  ì¹˜ë£Œ íš¨ê³¼ ë°œê²¬í–ˆë‹¤? ì˜¤ë³´ì— ê¸°ë°˜í•œ ì˜ëª»ëœ ì •ë³´"
"ìƒˆë¡œìš´ ì¡°ì§€ì•„ê°€ì´ë“œìŠ¤í†¤ì´ ì„¸ì›Œì¡Œì–´ìš”!!!
ìœ ì—”ë‰´ìŠ¤
ìŠ¹ì¸ 2022.07.08 22:45 | ìµœì¢… ìˆ˜ì • 2022.07.08 23:06
ìë£Œ:SpecialQForces sQuad
That new Georgia Guidestone is PERFECTO!!!
ê·¸ ìƒˆë¡œìš´ ì¡°ì§€ì•„ ê°€ì´ë“œìŠ¤í†¤ì€ ì™„ë²½í•´!!!
ì—¬ëŸ¬ë¶„ì€ ì–´ë–»ê²Œ ìƒê°í•˜ì‹­ë‹ˆê¹Œ??
ì˜ê²¬ 0
UNNEWS ì—¬ëŸ¬ë¶„ì€ ì–´ë–»ê²Œ ìƒê°í•˜ì‹­ë‹ˆê¹Œ?
ì €ëŠ” ì„¬ì¹«í•˜ë„¤ìš”
í™©ê¸ˆ ìµœê³ ì˜ í‰í™”ì‹œëŒ€ê°€ ì ì‹œì˜¤êµ¬
ê·¸ ë’¤ì—ëŠ” ì •ë§ ë¬´ì„œìš´ 
ë‹¨ì¼í™” ã†ìš°ìƒì‹œëŒ€ê°€ ì˜¨ë‹¤ëŠ”ê²Œ
ë§ëŠ”ê²ƒ ê°™ìœ¼ë„¤ìš”",ì¡°ì§€ì•„ ê°€ì´ë“œìŠ¤í†¤ êµ¬ì¡°ë¬¼ ìë¦¬ì— íŠ¸ëŸ¼í”„ ë¯¸êµ­ ì „ ëŒ€í†µë ¹ì˜ ë™ìƒì´ ì„¸ì›Œì¡Œë‹¤. ì´ ì‚¬ì§„ì€ 2010ë…„ ì´¬ì˜ëœ ì‚¬ì§„ì— íŠ¸ëŸ¼í”„ ç¾ ì „ ëŒ€í†µë ¹ í‰ìƒ ì‚¬ì§„ì„ í•©ì„±í•œ ê²ƒì´ë‹¤
" ğŸ¯ë“œë””ì–´ StarBucks í•œêµ­ íƒˆì¶œâ— 
ğŸ¯Star Bucks Koreaì˜ ì£¼ì‹ì„ ì „ëŸ‰ ë§¤ê°. 
1580ê°œ ì í¬ íì‡„. 
ì „ì„¸ê³„ ë§¤ì¶œ 2ìœ„ í•œêµ­ì„ ë– ë‚œë‹¤â—","ìŠ¤íƒ€ë²…ìŠ¤ê°€ í•œêµ­ ë‚´ ëª¨ë“  ë§¤ì¥ì„ ë‹«ê³  ì² ìˆ˜í•˜ê¸°ë¡œ í–ˆë‹¤ ìŠ¤íƒ€ë²…ìŠ¤, í•œêµ­ ë‚´ ëª¨ë“  ë§¤ì¥ ë‹«ëŠ”ë‹¤? íšŒì‚¬ ì¸¡ 'ì‚¬ì‹¤ë¬´ê·¼'"
" ì´íƒœë¦¬ ì˜ì‚¬ì˜ ì½”ë¡œë‚˜ ê²€ì‚¬ì™€ ë°±ì‹ ì—ëŒ€í•œ 
ê²½ê³ â€¼ï¸â€¼ï¸

ê¼¬ë¡œë†”ì£¼ì†¨ì•ˆë¼!ê²½ê³ ì•¼!ã‚³ãƒ­ãƒŠãƒ¯ã‚¯ãƒãƒ³ã‘è­¦å‘Š

ì¦‰ì‚­ì œê° ì˜ìƒì´ë¼ ë˜ ë‚´ ë†€ë°©ì˜ìƒì´ë‘ ì§¬ë½•í•´ì„œ 
ì˜¬ë ¤ë†¨ì§€ìš©~ã…

êµ¬ë…ê³¼ ì¢‹ì•„ìš” ì£¼ì„¸ìš©~ğŸ’•ğŸ’•","Covid-19ê°€ ì¸ê³µ ì§€ëŠ¥ ë°±ì‹  ì ‘ì¢… ì‹ë³„ ì¸ì¦ì„œë¼ëŠ” ëœ»ì´ë‹¤ Covid-19, 'ì¸ê³µ ì§€ëŠ¥ ë°±ì‹  ì ‘ì¢… ì‹ë³„ ì¸ì¦ì„œ'ë¼ëŠ” ëœ»ì´ë‹¤? 'ì½”ë¡œë‚˜, ë°”ì´ëŸ¬ìŠ¤, ì§ˆë³‘, 2019'ì˜ ì˜ë¬¸ í•©ì„±ì–´"
" ì½”ë¡œë‚˜ëŠ” ê°ê¸°ìˆ˜ì¤€ë„ ì•ˆë¼. ë§ˆìŠ¤í¬ì•ˆì“°ê¸° ë° ììœ¨ ìš´ë™í•˜ì

*í˜¸ì£¼ ì¸êµ¬ ì œì¼ ë§ì€  NSWì£¼ ì½”ë¡œë‚˜ì¢…ì‹ì„ ì–¸. í•œ ë‹¬ ì§¸ ë§ˆìŠ¤í¬ì•ˆì“°ê³  ì½”ë¡œë‚˜ê°ì—¼ 0,
*ë¯¸êµ­ í…ì‚¬ìŠ¤ì£¼ í¬í•¨ 16ê°œì£¼ ë§ˆìŠ¤í¬ ììœ¨ì— ë§¡ê¹€.í„","í˜¸ì£¼ ë‰´ì‚¬ìš°ìŠ¤ì›¨ì¼ì¦ˆ, ë§ˆìŠ¤í¬ ì˜ë¬´í™” ì—†ì´ ì½”ë¡œë‚˜19 ì¢…ì‹ ì„ ì–¸í–ˆë‹¤. í˜¸ì£¼ ë‰´ì‚¬ìš°ìŠ¤ì›¨ì¼ì¦ˆ, ë§ˆìŠ¤í¬ ì˜ë¬´í™” ì—†ì´ ì½”ë¡œë‚˜19 ì¢…ì‹ ì„ ì–¸í–ˆë‹¤? ìƒí™©ì— ë”°ë¥¸ ë§ˆìŠ¤í¬ ì˜ë¬´í™” ì‹œí–‰â€¦ í•´ì™¸ìœ ì… ì‹ ê·œ ê°ì—¼ì ì—¬ì „íˆ ê¸°ë¡ ì¤‘"
"ì½œì˜¤ë‚˜ëŠ” ë…ê°ë³´ë‹¤ ì•½í•œ
ê°ê¸°ë°”ì´ëŸ¬ìŠ¤ë‹¤.
ëŒ€ë‹¤ìˆ˜ ê±´ê°•í•œ êµ­ë¯¼ì€
ìì—°ë©´ì—­ë ¥ìœ¼ë¡œ ì¹˜ìœ ê°€
ê°€ëŠ¥í•˜ë¯€ë¡œ ì½œì˜¤ë‚˜ë°±ì‹ ì„
ë§ì„ í•„ìš”ê°€ ì—†ë‹¤.
ì½œì˜¤ë‚˜ëŠ”
ìƒê¸°ë„ë°”ì´ëŸ¬ìŠ¤ì´ë¯€ë¡œ
ë°±ì‹ ìœ¼ë¡œ í˜ˆì•¡ ì†ì— ë§Œë“ 
ì¸ê³µì ì¸ í•­ì²´ì™€ ë§Œë‚  ìˆ˜ê°€
ì—†ì–´ ì§‘ë‹¨ë©´ì—­ì€
ë¶ˆê°€ëŠ¥í•˜ë‹¤.
ë°±ì‹ ì ‘ì¢…ì˜ ì´ìµì´ ë¶€ì‘ìš©
í”¼í•´ë³´ë‹¤ í¬ë‹¤ëŠ” ì£¼ì¥ì€
ê³¼í•™ì ì¸ ê·¼ê±°ê°€ ìˆë‚˜? ","ì½”ë¡œë‚˜19ëŠ” ë…ê°ë³´ë‹¤ ì•½í•œ ê°ê¸° ë°”ì´ëŸ¬ìŠ¤ë‹¤. ì½”ë¡œë‚˜19, ë…ê°ë³´ë‹¤ ì•½í•œ ê°ê¸° ë°”ì´ëŸ¬ìŠ¤ë‹¤? ì „ë¬¸ê°€ â€˜ì½”ë¡œë‚˜19 ìœ ë°œí•˜ëŠ” SARS-CoV-2, ê°ê¸° ë°”ì´ëŸ¬ìŠ¤ì™€ ë‹¬ë¼â€™"
"ì „ë¼ë„ì—ì„œë§Œ êµ­ê°€ìœ ê³µìê°€
50ë§Œì´ë¼ë‹ˆ.ì´ê²Œ
ë§ì´ë˜ë‚˜?ê¹€ëŒ€ì¤‘.ë…¸ë¬´í˜„ ì •ê¶Œí•˜ì—ì„œ
êµ­ê°€ìœ ê³µìê¹Œì§€ í•˜ë©´
70ë§Œëª…ì´ë‹¤.ì´ë“¤ ì§ê³„ê°€ì¡±ë“¤ ê¹Œì§€
í˜œíƒì„ ë°›ìœ¼ë‹ˆ ê·¸ ìˆ˜ëŠ” ìƒìƒì„ ì´ˆì›”
í•œë‹¤.103ë§Œ ê³µë¬´ì›ì¤‘ 60~70%ê°€
ì´ë“¤ ìœ ê³µìë“¤ì´ë‹¤.ì œë„ ì •ë¹„ê°€
ì‹œê¸‰í•˜ë‹¤. ","êµ­ê°€ìœ ê³µì ì¤‘ 50ë§Œ ëª…ì— ë‹¬í•˜ëŠ” ì¸ì›ì´ ì „ë¼ë„ ì¶œì‹ ì´ë‹¤ ì „ë¼ë„ ì¶œì‹  êµ­ê°€ìœ ê³µì, 50ë§Œ ëª…ì— ë‹¬í•œë‹¤? ì •ë¶€ ê³µì‹ í†µê³„ë³´ë‹¤ ë†’ì€ ì˜ëª»ëœ ìˆ˜ì¹˜"
